name,age,email,mobile,address,visit_count,score,is_fake
Timothy Marquez,35,knightsarah@wilson.com,315.412.3099x43019,"2018 Day Inlet New Sally, NY 34544",10,42,0
Eileen Obrien,25,gmason@west.net,485-988-1023x67438,"5527 Dixon Vista Danafort, OK 86718",8,68,0
Lisa Scott,56,andre91@kennedy-ballard.com,549-291-8473x0294,USNS Day FPO AP 75862,3,56,0
Jesse Baird,35,timothyhughes@brown.org,+1-659-504-3975,"1997 Baker Keys Apt. 687 Craigbury, OR 03576",6,45,0
Jason Collins,53,daniellebanks@delgado.com,001-570-501-8108x519,"14280 Norris Shore Melodychester, MI 71367",8,46,0
Donna Miller,20,martinezwilliam@yahoo.com,(384)005-2096,"6820 Avery Mills West Amandafurt, WV 44632",1,74,0
Robin Carpenter,40,cthornton@gmail.com,207.932.1856x2130,"63028 Fitzgerald Skyway Suite 630 West Michelleview, MO 30474",6,45,0
Shawn Goodman,56,felicia57@allen.org,+1-018-081-5426x5280,"436 Craig Vista New Jerry, VT 14633",10,76,0
Alyssa Gonzales,28,sextonrichard@hotmail.com,746.726.7458x21971,"602 Bennett Burg Suite 316 Annetteview, MS 89292",3,20,0
Margaret Vasquez,48,xfranklin@nguyen.com,531.802.1582x98738,"361 Bowman Camp Apt. 544 Estesborough, NC 77763",6,74,0
Elizabeth Jones,28,ebonyjohnson@robinson-daniel.org,001-232-999-4972x597,"25748 Angela Lane Suite 157 West Steven, GA 01740",7,89,0
Melissa Rangel,18,richardbuckley@wallace.com,247-111-6295,USNS Martin FPO AE 74947,3,20,0
Sarah Schroeder,35,curtis09@hotmail.com,001-408-584-5906x4813,"0993 Lara Springs Suite 622 Christopherside, GA 47671",6,41,0
Kelly Moore,53,charles84@patterson.com,2384241181,"983 Frost Forks Angelaton, MD 97948",2,17,0
Alexis Jennings,22,albert73@james.org,+1-113-911-4090x797,"5569 Mendez Viaduct Apt. 114 Jeffreymouth, AR 06231",3,63,0
Brenda Warner,60,gloverstacey@yahoo.com,(606)019-5667,"059 Timothy Hollow Lloydside, MN 37787",10,93,0
Cassandra Rodriguez,46,johnnewman@hotmail.com,001-158-434-0143x256,"69852 Smith Shore Suite 313 East Saraville, DE 41203",10,72,0
Ryan Marquez,52,brentjimenez@hayes.net,001-565-983-1380x90992,"043 Foster Mountains West Nancy, CA 80271",2,80,0
Brandon Munoz,45,andrewjones@hotmail.com,457.092.8899,"37054 Ochoa Brooks Apt. 005 Julieport, WV 98916",9,41,0
Benjamin Walsh,45,farmerjessica@hotmail.com,+1-624-541-4068x37771,"56694 Gary Shoals Estradaport, MN 55902",9,57,0
Mark Navarro,57,matthewhardin@yahoo.com,037.156.6237,"10222 Rivera Forest Apt. 035 North Lindseyburgh, WV 40824",8,41,0
Dillon Brown,58,yroach@hotmail.com,001-275-832-8673x125,"99619 Amanda Garden Hicksview, VA 74063",5,31,0
Scott Gonzalez,39,amanda83@gmail.com,001-515-795-6968x0973,Unit 7469 Box 8223 DPO AP 87826,8,19,0
Michael Fernandez,43,nicholasjohnson@dominguez-mathis.biz,766-002-6360x889,"59526 King Street Suite 346 Christopherfurt, VA 58370",2,68,0
Diane Taylor,42,johnsanchez@acosta-sanchez.info,678-085-0940,"682 James Burgs New Brandiburgh, VA 85567",4,98,0
Jeffrey Park,42,carolynrivera@yahoo.com,954-073-7260x671,"6281 Brooks Ports Suite 365 Brianbury, LA 88804",2,25,0
Seth Webb,20,tpalmer@griffin-chapman.com,(551)310-5492x2916,"9539 Wilson Flat Freemanfurt, MA 15463",2,37,0
Veronica Mooney,42,alexanderpalmer@gmail.com,584-516-5203,"8018 John Manors West Michelleland, SC 85767",8,58,0
Samantha Campos,20,willie55@gmail.com,(706)198-4876,"51714 Amanda Rapids Suite 827 Geoffreychester, MT 21188",6,53,0
Joyce Watson,35,juarezdorothy@hotmail.com,001-472-828-1225x062,"114 Dixon Fords Lewisshire, DE 53127",4,81,0
Jason Velez,32,kathryn23@yahoo.com,867.491.2497x8379,Unit 6283 Box 6495 DPO AE 26209,6,57,0
Andres George,32,bullockmark@yahoo.com,(982)445-7365,"791 Steven Plains Suite 118 New Janice, CO 49957",4,18,0
Amanda Patel DDS,18,micheleburnett@kline.net,+1-823-361-9512x075,"116 Perez Keys Apt. 541 Cathyborough, IN 64866",3,61,0
Tammy Johnson,45,ahobbs@yahoo.com,094.679.6006,"21108 Dustin Islands Apt. 902 West Karen, WV 38078",4,68,0
Kevin Brennan,50,ingramamanda@hotmail.com,147-983-5214x74899,"215 Smith Stravenue North Robertville, MO 48064",2,22,0
Connor Johnson,27,gilbertkatherine@soto.com,969.894.0087x6103,"0576 Richard Burg Suite 237 Lake Alyssaville, WV 44373",6,69,0
Sarah Woods,30,howardjames@gamble.org,030-992-8338,"8645 West Corners Apt. 586 South Stephaniefurt, TX 01716",10,65,0
Maria Palmer,35,dsherman@hill-valdez.biz,(312)455-1155,"95690 Mary Oval East Jasonstad, WY 73669",2,83,0
Alison Peterson,56,swatts@roberts.com,294-239-4470x967,"734 Cain Square Apt. 687 Dianeland, MD 94032",4,48,0
Jennifer Watkins,50,rkeller@yahoo.com,001-442-240-2537x61507,"622 Keith Overpass Suite 342 Katelynport, AL 85560",4,30,0
Melissa Wise,19,elizabeth54@jordan-garza.com,530.530.1557,"86294 Gilbert Circle Suite 143 West Emilyhaven, OK 62872",2,60,0
Brandon Davis,56,gramos@wade.com,001-536-732-4516x64418,"253 Gonzalez Isle Suite 676 North Andre, AL 78518",2,38,0
Joshua Mitchell,32,clarkdouglas@koch-ward.biz,001-346-171-3416,"4375 Norris Springs South David, WA 37926",10,88,0
Samantha Curry,42,robertjordan@hotmail.com,570.688.4795,USCGC Garcia FPO AP 55751,2,33,0
Ashley Thomas,25,laurie43@king.info,961.996.5612,Unit 5249 Box 3570 DPO AE 35827,1,67,0
Janet Gay,27,jeffmckinney@castro-murphy.org,(326)415-7565,"69914 Tammy Square Port Jeremyville, DC 96308",1,10,0
Alexis Mclean,32,randall86@mcgee-weeks.net,(684)751-3462x92344,"8970 Payne Crossing Elizabethmouth, ME 87135",6,64,0
Holly Rivera,27,robinsondaniel@yahoo.com,001-650-036-8231x28426,"59996 Craig Circle Apt. 023 Sherryside, WY 81003",10,89,0
Edwin Andrews,25,catherine48@wallace.com,+1-605-060-6398,"142 Whitehead Trail Brookston, FL 59245",6,97,0
Joe Booth,50,joelherrera@hotmail.com,001-518-358-3772x59703,"40785 Mack Club South Karen, NH 47105",10,54,0
Cheryl Floyd,33,antonio81@gmail.com,132.523.7413,"17858 Sarah Summit Suite 504 North Lynnmouth, NE 02447",7,24,0
Richard Padilla,47,yharris@baker.com,0289468998,"026 Taylor Knolls Richardsonport, VA 01192",10,53,0
Denise Nguyen,23,walshmiguel@bell.com,318-421-1963,"44299 Kenneth Ports Suite 473 Brandonborough, NY 70061",2,87,0
Victoria Gaines,34,beckersamantha@rush.com,+1-234-578-0778x5837,USNS Harrison FPO AP 06138,9,45,0
Erik Rodriguez,27,tinacoleman@yahoo.com,532.987.3289x02799,"PSC 2833, Box 5386 APO AP 03222",7,53,0
Troy Brown,37,johnmatthews@gmail.com,+1-621-424-9929,"80471 Shelby Cliffs West Michelle, AL 93763",7,72,0
David Davis,25,hhowell@hotmail.com,461.217.4747x42799,"777 Garcia Cliffs Port Meghanside, UT 27340",9,45,0
Kathy Cunningham,22,munozpatrick@gmail.com,+1-383-827-2634x63909,"5277 James Crossing Suite 232 Woodland, VT 36571",1,47,0
Kathryn Wallace DVM,24,cmartin@gmail.com,810-061-4092,"69664 Porter Route Melissaport, KY 87662",8,30,0
Ashley Page,40,christopher84@andrade.com,990-294-7607x6066,"916 Garza Burgs East Michaeltown, NC 44943",9,67,0
Jenna Perry,23,treyes@robbins.biz,(169)437-8442,"67834 Peterson Mills South Hannahfort, MA 39428",10,82,0
Jessica Wallace,31,ohamilton@cooper-lawson.org,680-528-1681x54672,"153 Christine Creek Andrewstad, NH 81428",1,42,0
Thomas Maynard,47,scoleman@hernandez.biz,(045)295-0028,"6517 Price Lakes Mcintyreport, NH 63248",4,27,0
Kelly Torres,37,crystal31@meza.info,(605)842-0334x678,"933 Hernandez Corner Suite 759 South Alanfort, DE 40294",7,12,0
Matthew Scott,30,smithcarrie@gmail.com,371-713-6992,Unit 3995 Box 0885 DPO AE 11180,7,60,0
Matthew Beck,23,wilsonmichael@evans.biz,557-289-3286,"66317 Thomas Circle Apt. 184 New Edward, MD 32011",2,79,0
Joseph Foster,58,jeffrey68@hotmail.com,+1-895-372-4761x34986,"26475 William Plains Apt. 940 Ryanport, MO 67344",5,41,0
Andrea Mcclain,56,othompson@hotmail.com,(735)817-1249,"7712 Gallagher Springs Apt. 919 Gonzalezstad, MT 68461",7,14,0
Mr. Anthony Solis,19,kayla02@perez.net,001-429-157-7738x6562,"5315 Leblanc Greens New Andrea, ND 68317",1,84,0
Mary Hill,50,taylorthornton@vaughn.org,(935)833-0865x49244,"18593 Ward Glens Apt. 435 Wilsonside, SC 89111",4,39,0
David Smith,50,bmartinez@hotmail.com,408.721.3864x97156,"PSC 6899, Box 5022 APO AE 78200",3,82,0
Joshua Hughes,20,aaron51@francis.com,838.354.7644x495,"429 Morton Port Richardland, AR 13160",6,51,0
Wendy Snyder,43,martinezmichael@dawson.org,+1-054-652-3592,"9994 Burns View Lake Eddie, UT 52647",2,11,0
Mary Keller,31,vdecker@malone-kelly.com,223-080-9344x1570,"521 Allen Streets Apt. 678 Flemingbury, MA 73713",6,78,0
Tyler Sutton,51,jvaldez@pierce.info,709.777.0658,"528 Lester Circle Suite 975 South Brittneychester, AR 25420",1,39,0
Julie Mccoy,24,erica30@gmail.com,+1-346-755-9804x654,"646 Joshua Manors West Nicole, WA 89550",9,81,0
Steven Cunningham,20,johnoconnor@smith-carter.com,(424)925-5933x26393,"40973 Blake Springs New Seanfurt, TX 29589",3,60,0
Steven Bowman,22,carla49@yahoo.com,349.345.0033x60123,"0079 Eric Roads Apt. 877 Lake Stephen, ME 63972",6,87,0
Christopher Hall,29,adamsdominic@henson.com,730.555.3941,"050 Osborne Island Lake Tyronemouth, PA 05388",1,98,0
Regina Gibson,47,patrick38@jackson.com,834.105.2916,"169 Richard Lights Suite 706 New Melodyport, MS 79335",10,70,0
Melissa Mendez,60,jamesmaureen@hotmail.com,(122)193-2315x68939,USNS Pearson FPO AE 40005,9,28,0
Tami Bates,39,lewislindsay@gmail.com,3238431047,"6403 Angela Points Suite 441 New Audreyville, ME 43865",10,69,0
Karen Nelson,53,longsarah@hotmail.com,(184)398-0591x96518,"8088 Sloan Garden Stephanieland, ID 93642",8,75,0
Michael Moore,52,yrodgers@hotmail.com,+1-106-235-1443,"70061 Jason Extensions Apt. 241 Leetown, FL 89430",7,100,0
Erin Neal,43,jeremy17@lopez.com,637-466-2818,USCGC Humphrey FPO AE 52156,1,33,0
Mackenzie Adams,39,privera@castro.com,019.264.1352x19162,"PSC 8073, Box 1305 APO AE 44745",8,16,0
Patrick Smith,56,wesley71@hotmail.com,001-201-257-9191x24302,"839 Olivia Ridges North Jasonberg, TN 82229",6,31,0
Paul Young,30,kennethowens@gmail.com,(460)812-9809x44828,"155 Joseph Lights New Brianside, ND 13029",9,63,0
Albert Garcia,33,goodcrystal@gmail.com,049.324.1899x6646,"8851 John Forges Suite 132 Aprilburgh, NY 38937",4,79,0
Vanessa Owen,48,mscott@yahoo.com,451.946.5714x8740,"0778 Nancy Tunnel Port Joseph, NJ 91749",6,84,0
Heather Mccullough,22,gordonann@clark.com,0617213637,"7136 Cox Heights West Robert, MS 05243",3,41,0
Crystal Collins,18,qgoodwin@lee.com,(479)653-7063,"1816 Stephen Cove Rachelland, KS 14006",1,60,0
Jessica Johns,18,echan@yahoo.com,001-722-438-5656,"18055 Browning Course Apt. 984 West Susan, MT 12735",6,20,0
Abigail Flores,40,lopezhunter@ellis.net,(608)038-1415x518,"64226 Debbie Harbors Apt. 894 Amandaburgh, OR 88834",8,33,0
Kimberly Soto,50,thomassnyder@yahoo.com,001-604-818-0463x108,"880 Smith Neck Suite 623 Cathyfort, MI 36050",8,53,0
Shannon Rivas,24,ilewis@hotmail.com,(869)364-2385,"847 Andrew Rapid Sandovalstad, NV 31028",8,41,0
Randy Myers,37,anthony79@gmail.com,(942)968-8155x821,"628 Taylor Mews Coreyview, RI 76892",1,54,0
Nancy Payne,55,angela23@hotmail.com,280.626.1522,"7949 Perez Cape Lake Michael, NC 59433",9,33,0
Randall Flowers,48,nmayer@gmail.com,(539)108-6068x75627,"467 Rhodes Summit Paulmouth, NM 04150",9,10,0
Donna Smith,57,josecasey@hotmail.com,+1-170-450-8458x519,"401 Shawn Plains Wilsonville, OH 01316",7,88,0
123456,5,invalid@,(076)642-0549,asdf street,62,1,1
qwerty,-1,fake@bot.net,073-496-3915,123,73,0,1
test123,-1,spam@123,001-453-900-2138x461,asdf street,78,0,1
test123,-1,nobody@spam,143.951.2203,,83,4,1
test123,-1,nobody@spam,0955386958,unknown,92,5,1
!!!,200,user@@mail,517-975-4815x117,??,57,1,1
asdfasdf,200,user@@mail,+1-200-116-0830x843,,52,3,1
qwerty,5,nobody@spam,(064)639-9499x33595,123,54,4,1
123456,-1,spam@123,127.458.7161x05676,asdf street,84,4,1
123456,5,fake@bot.net,126-686-7696x8694,asdf street,84,0,1
123456,-1,nobody@spam,882-754-8015x19387,??,94,4,1
qwerty,200,invalid@,+1-156-349-1891x20777,asdf street,84,3,1
qwerty,-1,user@@mail,147.163.3881x0904,unknown,77,4,1
test123,999,fake@bot.net,(049)519-7956x0880,unknown,76,0,1
asdfasdf,5,invalid@,2941338035,??,83,3,1
test123,999,user@@mail,+1-899-350-4591x03250,,95,0,1
asdfasdf,200,fake@bot.net,973-304-4855x51318,unknown,61,5,1
!!!,5,invalid@,629-909-3049x938,unknown,56,3,1
123456,999,fake@bot.net,+1-531-550-6207x2439,??,71,1,1
test123,-1,invalid@,+1-389-942-2768x4855,,73,3,1
asdfasdf,-1,spam@123,001-534-462-5675x326,123,71,3,1
asdfasdf,5,fake@bot.net,(712)944-8056x622,123,52,3,1
asdfasdf,-1,user@@mail,+1-503-959-4027x7148,??,68,5,1
asdfasdf,5,user@@mail,2902146854,??,82,3,1
123456,5,spam@123,001-925-746-0458x064,123,81,5,1
qwerty,-1,spam@123,001-395-068-9144,??,61,4,1
asdfasdf,-1,invalid@,152.465.0559x08799,unknown,53,3,1
qwerty,-1,spam@123,635-474-7181,??,74,2,1
123456,999,fake@bot.net,(892)412-6765x34062,asdf street,85,3,1
test123,200,invalid@,(442)178-1263,123,94,4,1
qwerty,200,spam@123,4344344424,??,62,0,1
!!!,5,spam@123,+1-615-441-7079x0224,asdf street,62,4,1
test123,999,fake@bot.net,423.690.2289x369,,78,4,1
asdfasdf,5,user@@mail,9195119955,,95,3,1
!!!,-1,spam@123,+1-731-921-6225x528,unknown,81,0,1
asdfasdf,999,invalid@,952.870.9073,asdf street,100,1,1
test123,200,user@@mail,(494)895-4381x657,??,86,0,1
123456,999,nobody@spam,689.832.5961x213,123,84,1,1
!!!,-1,spam@123,+1-976-182-2958x581,??,69,5,1
qwerty,-1,fake@bot.net,682-372-6854,??,97,0,1
test123,200,fake@bot.net,001-366-130-1809x80417,asdf street,66,5,1
!!!,200,user@@mail,692.245.7393x337,asdf street,95,3,1
!!!,5,invalid@,(656)257-4200x7392,unknown,61,3,1
qwerty,200,nobody@spam,001-821-623-8978x65092,,90,3,1
qwerty,999,invalid@,321-789-7758x8516,,82,2,1
test123,-1,spam@123,+1-562-906-3484x61731,unknown,92,3,1
asdfasdf,999,user@@mail,823-859-8802x5426,unknown,84,3,1
asdfasdf,999,fake@bot.net,+1-332-775-4768x10588,unknown,57,2,1
qwerty,999,nobody@spam,0174520861,123,66,2,1
qwerty,5,user@@mail,001-651-723-1170,,54,1,1
test123,5,user@@mail,+1-848-682-0012x46707,asdf street,92,1,1
test123,-1,user@@mail,001-788-538-5386x507,,89,5,1
test123,-1,user@@mail,1194451970,123,78,2,1
123456,200,fake@bot.net,001-186-739-0404x83712,asdf street,69,4,1
!!!,999,spam@123,717-555-8884x75014,??,77,0,1
asdfasdf,999,user@@mail,079-033-9342x603,,91,3,1
asdfasdf,-1,fake@bot.net,1653808305,,99,5,1
123456,-1,spam@123,+1-322-281-0363x663,asdf street,69,3,1
123456,5,spam@123,+1-708-231-8899,??,56,3,1
asdfasdf,999,fake@bot.net,(318)142-0434,??,62,4,1
!!!,999,invalid@,001-081-547-2260x2909,,94,4,1
123456,999,fake@bot.net,001-258-225-9623x62530,asdf street,96,0,1
!!!,-1,spam@123,+1-058-105-8335x62819,??,88,0,1
asdfasdf,200,invalid@,(489)955-9136,123,68,2,1
asdfasdf,-1,fake@bot.net,001-994-596-0472,??,97,4,1
!!!,200,fake@bot.net,098-850-9221,,98,0,1
test123,5,user@@mail,+1-527-208-6867x3873,asdf street,91,0,1
test123,999,invalid@,275-933-3958,??,71,5,1
qwerty,999,invalid@,862.045.7751x63763,123,60,3,1
123456,5,fake@bot.net,157.373.7885,unknown,53,2,1
qwerty,-1,nobody@spam,233.372.1044x1496,asdf street,87,4,1
!!!,5,user@@mail,001-052-193-0086x4600,,95,4,1
123456,-1,spam@123,862.771.4479,123,72,5,1
123456,-1,invalid@,(087)674-9248x57010,,62,3,1
asdfasdf,5,invalid@,260.538.7617x166,,67,2,1
!!!,-1,nobody@spam,238-570-1900x7642,123,86,2,1
asdfasdf,200,spam@123,490.353.3476,,71,3,1
qwerty,200,spam@123,774.718.5131,??,56,2,1
asdfasdf,999,spam@123,547-468-7276,123,62,2,1
asdfasdf,5,fake@bot.net,263-419-1197x5660,asdf street,72,2,1
asdfasdf,-1,spam@123,793-972-1786,,68,5,1
123456,-1,spam@123,001-927-893-7205,unknown,74,0,1
qwerty,5,fake@bot.net,346-393-8561x7977,??,53,4,1
!!!,-1,fake@bot.net,001-120-742-2297x4243,??,90,4,1
!!!,999,user@@mail,(850)844-4016x52532,,73,0,1
!!!,999,nobody@spam,(317)870-1318x83460,123,66,1,1
123456,-1,spam@123,+1-169-461-4639x460,asdf street,91,2,1
asdfasdf,5,fake@bot.net,001-128-852-5248x171,asdf street,71,2,1
qwerty,200,fake@bot.net,875-668-8339,??,58,5,1
!!!,200,invalid@,001-798-544-1471x9010,??,58,1,1
!!!,200,fake@bot.net,706.273.7565x6533,,99,0,1
123456,5,user@@mail,299.095.5143x1505,unknown,90,0,1
qwerty,999,invalid@,(503)395-7860,,62,2,1
!!!,200,user@@mail,683-393-7824,asdf street,50,2,1
qwerty,999,invalid@,(811)603-7287x537,123,72,3,1
qwerty,5,nobody@spam,480-154-7234x271,,64,5,1
123456,200,nobody@spam,001-330-486-5537,,83,0,1
test123,5,invalid@,001-424-533-5473x8929,,83,1,1
asdfasdf,5,fake@bot.net,001-672-872-2906x13771,unknown,95,0,1
123456,5,user@@mail,+1-709-688-0148x8302,123,93,2,1
